マンガ雑誌名,グループ名,8話目までの合計各話数,count,掲載形態,8話目までの平均話数,text
週刊少年ジャンプ,第1群（合計8-16話）,291,225,4色カラー,1.2933333333333332,約1.3話
週刊少年ジャンプ,第1群（合計8-16話）,1509,225,モノクロ,6.706666666666667,約6.7話
週刊少年ジャンプ,第2群（合計17-31話）,296,166,4色カラー,1.783132530120482,約1.8話
週刊少年ジャンプ,第2群（合計17-31話）,1032,166,モノクロ,6.216867469879518,約6.2話
週刊少年ジャンプ,第3群（合計32-81話）,147,91,4色カラー,1.6153846153846154,約1.6話
週刊少年ジャンプ,第3群（合計32-81話）,581,91,モノクロ,6.384615384615385,約6.4話
週刊少年ジャンプ,第4群（合計82-1968話）,221,133,4色カラー,1.6616541353383458,約1.7話
週刊少年ジャンプ,第4群（合計82-1968話）,843,133,モノクロ,6.338345864661654,約6.3話
